"Zone_238","1"
"Zone_169","16"
"Zone_78","28"
"Zone_8","51"
"Zone_97","42"
"Zone_247","50"
"Zone_103","35"
"Zone_7","92"
"Zone_207","0"
"Zone_80","96"
"Zone_155","27"
"Zone_198","47"
"Zone_181","55"
"Zone_161","92"
"Zone_85","52"
"Zone_252","4"
"Zone_215","93"
"Zone_228","4"
"Zone_136","91"
"Zone_212","90"
"Zone_131","77"
"Zone_75","94"
"Zone_180","27"
"Zone_217","7"
"Zone_133","1"
"Zone_231","48"
"Zone_14","25"
"Zone_205","77"
"Zone_52","68"
"Zone_120","54"
"Zone_129","39"
"Zone_216","70"
"Zone_122","71"
"Zone_109","68"
"Zone_223","20"
"Zone_76","12"
"Zone_116","18"
"Zone_49","55"
"Zone_60","4"
"Zone_229","19"
"Zone_138","51"
"Zone_145","31"
"Zone_227","66"
"Zone_66","5"
"Zone_106","22"
"Zone_202","18"
"Zone_201","10"
"Zone_65","15"
"Zone_22","22"
"Zone_244","0"
"Zone_43","4"
"Zone_154","99"
"Zone_222","95"
"Zone_57","32"
"Zone_21","6"
"Zone_55","96"
"Zone_226","80"
"Zone_149","31"
"Zone_61","72"
"Zone_188","48"
"Zone_18","86"
"Zone_170","11"
"Zone_157","17"
"Zone_94","56"
"Zone_32","80"
"Zone_206","37"
"Zone_71","69"
"Zone_92","98"
"Zone_182","93"
"Zone_209","73"
"Zone_236","16"
"Zone_156","43"
"Zone_88","4"
"Zone_104","83"
"Zone_221","49"
"Zone_152","27"
"Zone_183","1"
"Zone_242","59"
"Zone_143","42"
"Zone_112","23"
"Zone_30","60"
"Zone_248","47"
"Zone_132","22"
"Zone_220","54"
"Zone_28","80"
"Zone_146","29"
"Zone_45","50"
"Zone_62","60"
"Zone_59","61"
"Zone_11","22"
"Zone_208","7"
"Zone_185","46"
"Zone_192","34"
"Zone_163","24"
"Zone_167","2"
"Zone_184","13"
"Zone_2","62"
"Zone_151","72"
"Zone_128","10"
"Zone_140","54"
"Zone_100","44"
"Zone_29","27"
"Zone_23","97"
"Zone_33","48"
"Zone_213","10"
"Zone_243","46"
"Zone_144","76"
"Zone_197","11"
"Zone_191","4"
"Zone_107","17"
"Zone_105","35"
"Zone_245","65"
"Zone_37","65"
"Zone_189","58"
"Zone_6","18"
"Zone_64","44"
"Zone_74","87"
"Zone_102","69"
"Zone_39","4"
"Zone_125","47"
"Zone_235","92"
"Zone_114","11"
"Zone_41","94"
"Zone_5","25"
"Zone_17","36"
"Zone_24","97"
"Zone_166","38"
"Zone_77","98"
"Zone_56","68"
"Zone_219","49"
"Zone_171","51"
"Zone_153","11"
"Zone_177","77"
"Zone_225","48"
"Zone_218","60"
"Zone_174","87"
"Zone_3","94"
"Zone_200","35"
"Zone_195","99"
"Zone_86","99"
"Zone_19","53"
"Zone_42","34"
"Zone_249","63"
"Zone_172","18"
"Zone_190","92"
"Zone_89","82"
"Zone_90","62"
"Zone_13","79"
"Zone_98","50"
"Zone_63","67"
"Zone_237","26"
"Zone_58","41"
"Zone_253","78"
"Zone_210","19"
"Zone_51","66"
"Zone_93","13"
"Zone_1","16"
"Zone_44","4"
"Zone_251","10"
"Zone_91","84"
"Zone_95","53"
"Zone_123","62"
"Zone_34","96"
"Zone_15","29"
"Zone_204","9"
"Zone_224","55"
"Zone_84","16"
"Zone_135","2"
"Zone_173","91"
"Zone_10","15"
"Zone_38","1"
"Zone_214","44"
"Zone_47","49"
"Zone_241","64"
"Zone_203","62"
"Zone_240","41"
"Zone_164","45"
"Zone_70","24"
"Zone_72","19"
"Zone_179","96"
"Zone_142","91"
"Zone_160","46"
"Zone_150","37"
"Zone_196","69"
"Zone_175","66"
"Zone_101","2"
"Zone_158","82"
"Zone_26","82"
"Zone_119","7"
"Zone_50","93"
"Zone_193","65"
"Zone_199","60"
"Zone_148","54"
"Zone_96","60"
"Zone_48","90"
"Zone_12","64"
"Zone_124","15"
"Zone_126","6"
"Zone_118","67"
"Zone_162","6"
"Zone_4","21"
"Zone_134","68"
"Zone_159","50"
