"Zone_244","13"
"Zone_78","57"
"Zone_70","58"
"Zone_64","92"
"Zone_55","22"
"Zone_133","2"
"Zone_181","26"
"Zone_93","67"
"Zone_251","75"
"Zone_116","60"
"Zone_32","19"
"Zone_104","38"
"Zone_152","96"
"Zone_223","96"
"Zone_169","11"
"Zone_146","27"
"Zone_63","53"
"Zone_230","13"
"Zone_120","9"
"Zone_54","76"
"Zone_94","65"
"Zone_224","15"
"Zone_166","95"
"Zone_14","23"
"Zone_218","49"
"Zone_82","45"
"Zone_124","54"
"Zone_92","36"
"Zone_35","68"
"Zone_157","94"
"Zone_221","3"
"Zone_236","81"
"Zone_148","51"
"Zone_234","61"
"Zone_11","72"
"Zone_95","73"
"Zone_84","64"
"Zone_163","99"
"Zone_65","39"
"Zone_253","39"
"Zone_128","58"
"Zone_175","58"
"Zone_182","77"
"Zone_71","54"
"Zone_145","53"
"Zone_158","88"
"Zone_59","81"
"Zone_29","6"
"Zone_225","1"
"Zone_156","91"
"Zone_129","83"
"Zone_72","66"
"Zone_167","5"
"Zone_96","77"
"Zone_42","89"
"Zone_150","54"
"Zone_106","22"
"Zone_130","43"
"Zone_1","91"
"Zone_200","90"
"Zone_214","36"
"Zone_12","95"
"Zone_140","70"
"Zone_190","87"
"Zone_68","56"
"Zone_7","42"
"Zone_31","59"
"Zone_162","20"
"Zone_242","40"
"Zone_189","99"
"Zone_220","59"
"Zone_53","98"
"Zone_191","56"
"Zone_208","35"
"Zone_28","52"
"Zone_67","9"
"Zone_27","23"
"Zone_194","33"
"Zone_69","15"
"Zone_90","24"
"Zone_174","24"
"Zone_180","98"
"Zone_62","91"
"Zone_132","30"
"Zone_18","75"
"Zone_77","80"
"Zone_86","85"
"Zone_197","97"
"Zone_247","22"
"Zone_213","75"
"Zone_125","87"
"Zone_151","58"
"Zone_80","70"
"Zone_123","57"
"Zone_217","45"
"Zone_154","25"
"Zone_24","99"
"Zone_176","4"
"Zone_47","45"
"Zone_237","38"
"Zone_187","2"
"Zone_109","3"
"Zone_10","36"
"Zone_177","58"
"Zone_188","39"
"Zone_165","89"
"Zone_252","68"
"Zone_147","63"
"Zone_37","21"
"Zone_45","83"
"Zone_9","88"
"Zone_134","45"
"Zone_141","81"
"Zone_48","78"
"Zone_79","75"
"Zone_195","55"
"Zone_33","57"
"Zone_74","59"
"Zone_142","52"
"Zone_38","79"
"Zone_250","34"
"Zone_83","39"
"Zone_131","37"
"Zone_17","3"
"Zone_115","96"
"Zone_164","82"
"Zone_209","29"
"Zone_173","95"
"Zone_161","86"
"Zone_201","75"
"Zone_98","33"
"Zone_49","88"
"Zone_30","79"
"Zone_143","70"
"Zone_3","46"
"Zone_216","17"
"Zone_212","58"
"Zone_227","13"
"Zone_75","81"
"Zone_243","80"
"Zone_2","97"
"Zone_153","68"
"Zone_108","25"
"Zone_20","77"
"Zone_168","45"
"Zone_229","100"
"Zone_6","32"
"Zone_249","1"
"Zone_138","59"
"Zone_232","84"
"Zone_101","81"
"Zone_205","94"
"Zone_97","23"
"Zone_238","17"
"Zone_245","98"
"Zone_25","19"
"Zone_36","99"
"Zone_172","26"
"Zone_127","13"
"Zone_186","85"
"Zone_228","1"
"Zone_34","47"
"Zone_178","73"
"Zone_198","80"
"Zone_215","16"
"Zone_5","18"
"Zone_41","98"
"Zone_89","75"
"Zone_22","31"
"Zone_19","78"
"Zone_203","54"
"Zone_184","28"
"Zone_103","45"
"Zone_43","79"
"Zone_50","4"
"Zone_52","90"
"Zone_73","79"
"Zone_16","37"
"Zone_100","92"
"Zone_23","38"
"Zone_26","20"
"Zone_222","72"
"Zone_119","32"
"Zone_204","44"
"Zone_248","90"
"Zone_233","29"
"Zone_126","63"
"Zone_57","89"
"Zone_241","56"
"Zone_183","76"
"Zone_202","73"
"Zone_46","57"
"Zone_199","23"
"Zone_114","45"
"Zone_85","37"
"Zone_91","39"
"Zone_185","64"
"Zone_210","34"
"Zone_60","13"
"Zone_13","96"
"Zone_149","11"
"Zone_56","68"
"Zone_171","23"
